{
    "expected": 0
}{
    "predicted": 0
}{
    "result": [
        0.9995318651199341,
        1.4272825410444057e-07,
        2.2892711513122777e-06,
        3.977282503342394e-08,
        6.066716764507873e-07,
        3.5629136618808843e-07,
        6.391856004483998e-05,
        2.7557084649743047e-06,
        0.0003813989751506597,
        1.6771900845924392e-05
    ]
}{
    "expected": 1
}{
    "predicted": 1
}{
    "result": [
        6.651612784480676e-05,
        0.9759752750396729,
        0.0012312298640608788,
        0.00037298648385331035,
        0.016762493178248405,
        0.00021930059301666915,
        0.000391119159758091,
        0.0038825611118227243,
        0.00037783777224831283,
        0.0007205622969195247
    ]
}{
    "expected": 2
}{
    "predicted": 2
}{
    "result": [
        8.108971996989567e-06,
        4.095668555237353e-05,
        0.9970284104347229,
        0.0020066474098712206,
        5.175091999376491e-08,
        9.758235819390393e-08,
        8.191051392714144e-07,
        2.170731568185147e-05,
        0.000891967851202935,
        1.1495538956296514e-06
    ]
}{
    "expected": 3
}{
    "predicted": 3
}{
    "result": [
        6.967590948647739e-10,
        1.8994158779150894e-07,
        1.3701321677217493e-07,
        0.9991782307624817,
        1.473616180192039e-07,
        0.0008120673592202365,
        4.0764145836647e-08,
        1.5881177262144774e-07,
        8.721424819668755e-06,
        3.3231043516934733e-07
    ]
}{
    "expected": 4
}{
    "predicted": 9
}{
    "result": [
        4.623840140993707e-05,
        0.00026805727975443006,
        0.0025664004497230053,
        0.008793863467872143,
        0.9386814832687378,
        0.008485114201903343,
        8.377757330890745e-05,
        0.005690413061529398,
        0.0013415460707619786,
        0.034042954444885254
    ]
}{
    "expected": 5
}{
    "predicted": 5
}{
    "result": [
        9.126264194492251e-05,
        2.2023325072950684e-05,
        4.120895391679369e-05,
        0.5224764347076416,
        7.694581540818035e-07,
        0.4710182547569275,
        9.19748708838597e-06,
        0.005749350879341364,
        0.0004814632411580533,
        0.0001101319576264359
    ]
}{
    "expected": 6
}{
    "predicted": 6
}{
    "result": [
        0.0003775733639486134,
        1.545482336950954e-05,
        8.594897735747509e-07,
        0.0009233537130057812,
        0.00012303265975788236,
        0.16310757398605347,
        0.8342840671539307,
        1.3542405213229358e-05,
        0.00037888341466896236,
        0.0007756417617201805
    ]
}{
    "expected": 7
}{
    "predicted": 7
}{
    "result": [
        9.212613804265857e-05,
        0.002063349587842822,
        0.28887084126472473,
        0.028721274808049202,
        0.21620239317417145,
        1.1223688488826156e-05,
        3.956746695621405e-06,
        0.45993125438690186,
        0.0023351165000349283,
        0.0017684254562482238
    ]
}{
    "expected": 8
}{
    "predicted": 8
}{
    "result": [
        1.9194407286704518e-05,
        2.8139975256635807e-05,
        8.249434904428199e-05,
        0.3327423334121704,
        0.0002005895075853914,
        0.03662243112921715,
        0.010567119345068932,
        4.940386861562729e-05,
        0.6196870803833008,
        1.164814420917537e-06
    ]
}{
    "expected": 9
}{
    "predicted": 4
}{
    "result": [
        2.625100492537058e-08,
        3.2091279535961803e-06,
        3.856448074657237e-06,
        7.2265179369424e-06,
        0.9993870258331299,
        2.7481330107548274e-05,
        2.521139776945347e-06,
        9.392907486471813e-06,
        0.0003677999775391072,
        0.0001914363820105791
    ]
}